{
	"info": {
		"_postman_id": "eb644329-687a-4901-927c-cfd419a76df6",
		"name": "unicorn",
		"schema": "https://schema.getpostman.com/json/collection/v2.1.0/collection.json"
	},
	"item": [
		{
			"name": "production",
			"item": [
				{
					"name": "create rental",
					"request": {
						"method": "POST",
						"header": [
							{
								"key": "Content-Type",
								"name": "Content-Type",
								"type": "text",
								"value": "application/json"
							}
						],
						"body": {
							"mode": "raw",
							"raw": "{\n\t\"unicorn\": {\n\t\t\"name\": \"Pinky Pie\"\n\t}\n}",
							"options": {
								"raw": {
									"language": "json"
								}
							}
						},
						"url": {
							"raw": "http://localhost:8080/unicorns/rentals",
							"protocol": "http",
							"host": [
								"localhost"
							],
							"port": "8080",
							"path": [
								"unicorns",
								"rentals"
							]
						}
					},
					"response": []
				},
				{
					"name": "get unicorns",
					"request": {
						"method": "GET",
						"header": [
							{
								"key": "Content-Type",
								"name": "Content-Type",
								"type": "text",
								"value": "application/json"
							}
						],
						"url": {
							"raw": "http://localhost:8080/unicorns",
							"protocol": "http",
							"host": [
								"localhost"
							],
							"port": "8080",
							"path": [
								"unicorns"
							]
						}
					},
					"response": []
				},
				{
					"name": "get rentals",
					"request": {
						"method": "GET",
						"header": [
							{
								"key": "Content-Type",
								"name": "Content-Type",
								"type": "text",
								"value": "application/json"
							}
						],
						"url": {
							"raw": "http://localhost:8080/unicorns/rentals",
							"protocol": "http",
							"host": [
								"localhost"
							],
							"port": "8080",
							"path": [
								"unicorns",
								"rentals"
							]
						}
					},
					"response": []
				},
				{
					"name": "initialize unicorns",
					"request": {
						"method": "POST",
						"header": [
							{
								"key": "Content-Type",
								"name": "Content-Type",
								"type": "text",
								"value": "application/json"
							}
						],
						"url": {
							"raw": "http://localhost:8080/unicorns",
							"protocol": "http",
							"host": [
								"localhost"
							],
							"port": "8080",
							"path": [
								"unicorns"
							]
						}
					},
					"response": []
				},
				{
					"name": "health",
					"request": {
						"method": "GET",
						"header": [
							{
								"key": "Content-Type",
								"name": "Content-Type",
								"type": "text",
								"value": "application/json"
							}
						],
						"url": {
							"raw": "http://localhost:8080/healtz",
							"protocol": "http",
							"host": [
								"localhost"
							],
							"port": "8080",
							"path": [
								"healtz"
							]
						}
					},
					"response": []
				},
				{
					"name": "return rental Copy",
					"request": {
						"method": "DELETE",
						"header": [
							{
								"key": "Content-Type",
								"name": "Content-Type",
								"type": "text",
								"value": "application/json"
							}
						],
						"body": {
							"mode": "raw",
							"raw": "{\n\t\"unicorn\": {\n\t\t\"unicornId\": 1\n\t},\n\t\"customer\": {\n\t\t\"customerId\": 1\n\t}\n}",
							"options": {
								"raw": {
									"language": "json"
								}
							}
						},
						"url": {
							"raw": "http://localhost:3000/unicorns/rentals/5dfe31c91c31dd3b90e00fb8",
							"protocol": "http",
							"host": [
								"localhost"
							],
							"port": "3000",
							"path": [
								"unicorns",
								"rentals",
								"5dfe31c91c31dd3b90e00fb8"
							]
						}
					},
					"response": []
				}
			],
			"protocolProfileBehavior": {}
		},
		{
			"name": "create rental local",
			"request": {
				"method": "POST",
				"header": [
					{
						"key": "Content-Type",
						"name": "Content-Type",
						"value": "application/json",
						"type": "text"
					}
				],
				"body": {
					"mode": "raw",
					"raw": "{\n\t\"unicorn\": {\n\t\t\"name\": \"Pinky Pie\"\n\t}\n}",
					"options": {
						"raw": {
							"language": "json"
						}
					}
				},
				"url": {
					"raw": "http://localhost:3000/unicorns/rentals",
					"protocol": "http",
					"host": [
						"localhost"
					],
					"port": "3000",
					"path": [
						"unicorns",
						"rentals"
					]
				}
			},
			"response": []
		},
		{
			"name": "get rentals local",
			"request": {
				"method": "GET",
				"header": [
					{
						"key": "Content-Type",
						"name": "Content-Type",
						"type": "text",
						"value": "application/json"
					}
				],
				"url": {
					"raw": "http://localhost:3000/unicorns/rentals",
					"protocol": "http",
					"host": [
						"localhost"
					],
					"port": "3000",
					"path": [
						"unicorns",
						"rentals"
					]
				}
			},
			"response": []
		},
		{
			"name": "get unicorns",
			"request": {
				"method": "GET",
				"header": [
					{
						"key": "Content-Type",
						"name": "Content-Type",
						"type": "text",
						"value": "application/json"
					}
				],
				"url": {
					"raw": "http://localhost:3000/unicorns",
					"protocol": "http",
					"host": [
						"localhost"
					],
					"port": "3000",
					"path": [
						"unicorns"
					]
				}
			},
			"response": []
		},
		{
			"name": "initialize unicorns",
			"request": {
				"method": "POST",
				"header": [
					{
						"key": "Content-Type",
						"name": "Content-Type",
						"type": "text",
						"value": "application/json"
					}
				],
				"url": {
					"raw": "http://localhost:3000/unicorns",
					"protocol": "http",
					"host": [
						"localhost"
					],
					"port": "3000",
					"path": [
						"unicorns"
					]
				}
			},
			"response": []
		},
		{
			"name": "health",
			"request": {
				"method": "GET",
				"header": [
					{
						"key": "Content-Type",
						"name": "Content-Type",
						"type": "text",
						"value": "application/json"
					}
				],
				"url": {
					"raw": "http://localhost:3000/healtz",
					"protocol": "http",
					"host": [
						"localhost"
					],
					"port": "3000",
					"path": [
						"healtz"
					]
				}
			},
			"response": []
		},
		{
			"name": "return rental",
			"request": {
				"method": "DELETE",
				"header": [
					{
						"key": "Content-Type",
						"name": "Content-Type",
						"type": "text",
						"value": "application/json"
					}
				],
				"body": {
					"mode": "raw",
					"raw": "{\n\t\"unicorn\": {\n\t\t\"unicornId\": 1\n\t},\n\t\"customer\": {\n\t\t\"customerId\": 1\n\t}\n}",
					"options": {
						"raw": {
							"language": "json"
						}
					}
				},
				"url": {
					"raw": "http://localhost:3000/unicorns/rentals/5dfe31c91c31dd3b90e00fb8",
					"protocol": "http",
					"host": [
						"localhost"
					],
					"port": "3000",
					"path": [
						"unicorns",
						"rentals",
						"5dfe31c91c31dd3b90e00fb8"
					]
				}
			},
			"response": []
		}
	],
	"protocolProfileBehavior": {}
}